instead (2.0.2) unstable; urgency=low
  * 2.0.2 release;

 -- Peter Kosyh <p.kosyh@gmail.com>  Wed, 29 Jan 2014 19:42:00 +0400

instead (2.0.1) unstable; urgency=low
  * 2.0.1 release;

 -- Peter Kosyh <p.kosyh@gmail.com>  Mon, 27 Jan 2014 19:40:00 +0400

instead (2.0.0) unstable; urgency=low
  * 2.0.0 release;

 -- Peter Kosyh <p.kosyh@gmail.com>  Sun, 26 Jan 2014 13:12:00 +0400

instead (1.9.1) unstable; urgency=low
  * 1.9.1 release;

 -- Peter Kosyh <p.kosyh@gmail.com>  Sat, 13 Jul 2013 14:30:00 +0400

instead (1.9.0) unstable; urgency=low
  * 1.9.0 release;

 -- Peter Kosyh <p.kosyh@gmail.com>  Fri, 12 Apr 2013 08:00:00 +0400

instead (1.8.3) unstable; urgency=low
  * debian friendly release;

 -- Peter Kosyh <p.kosyh@gmail.com>  Sat, 26 Jan 2013 14:52:00 +0400
